name,phone,category,website
Aspen Dental,,DentistsImplant DentistryDental ClinicsOral & Maxillofacial Surgery,
West Park Dental,,DentistsPediatric DentistryTeeth Whitening Products & ServicesImplant Dentistry,
Deliberato Anthony DDS,,DentistsProsthodontists & Denture CentersCosmetic DentistryClinics,
Bradley Cohn DDS,,DentistsTeeth Whitening Products & ServicesCosmetic Dentistry,
West Park Dental,(216) 370-7108,DentistsPediatric DentistryImplant Dentistry,http://www.westparksmiles.com/
Bradley Cohn DDS,(216) 381-6000,DentistsTeeth Whitening Products & ServicesCosmetic Dentistry,http://www.cohndental.com/
Aspen Dental,(216) 415-7270,DentistsOrthodontistsDental Hygienists,https://www.aspendental.com/schedule-an-appointment/?fc=6404&utm_source=YP&utm_medium=IYP&utm_campaign=Broklyn_OH-MMIYP-6404
Aspen Dental,(440) 459-0181,DentistsProsthodontists & Denture CentersCosmetic Dentistry,https://www.aspendental.com/schedule-an-appointment/?fc=6438&utm_source=YP&utm_medium=IYP&utm_campaign=FviewPk_OH-MMIYP-6438
Aspen Dental,(216) 415-7324,DentistsProsthodontists & Denture CentersOral & Maxillofacial Surgery,https://www.aspendental.com/schedule-an-appointment/?fc=6375&utm_source=YP&utm_medium=IYP&utm_campaign=Parma_OH-MMIYP-6375
Aspen Dental,(440) 925-5455,DentistsImplant DentistryProsthodontists & Denture Centers,https://www.aspendental.com/schedule-an-appointment/?fc=6373&utm_source=YP&utm_medium=IYP&utm_campaign=Mayfld_OH-MMIYP-6373
B R Jaffe & Associates,(440) 306-4459,DentistsPediatric DentistryImplant Dentistry,https://www.brjaffedds.com/
"Northeast Ohio Neighborhood Health Services, Inc. NEON",(216) 230-0618,"DentistsMental Health Clinics & InformationPhysicians & Surgeons, Podiatrists",http://www.neonhealth.org/
Calabrese Marie A DMD Inc,(440) 510-5381,Dentists,http://www.completesmilecare.com/
Rosewater Dental Associates,(216) 861-2124,Dentists,
Wolnik Kenneth J DDS Inc,(440) 888-5055,DentistsOral & Maxillofacial SurgeryResume Service,http://www.drwolnik.com/
Stein Michael R DDS Inc,(440) 845-7050,DentistsEndodontistsProsthodontists & Denture Centers,
Ridge Road Family Dentistry,(440) 886-4600,DentistsCosmetic Dentistry,http://www.ridgeroadfamilydentistry.com/
"Mirko Vombergar, D.D.S., Inc.",(440) 473-4746,DentistsCosmetic DentistryImplant Dentistry,
"Walters, Malcolm Jr DDS",(216) 382-1105,DentistsPeriodontistsProsthodontists & Denture Centers,
"Rhea A Nicklow, MS, DMD",(440) 845-7900,Dentists,http://gorefreshdental.com/
Biddulph Family Dental Care,(216) 416-8495,Dentists,
American Dental Centers,(440) 446-1555,DentistsDental ClinicsDental Hygienists,
Fairview Family Dentistry,(440) 333-3191,DentistsDental HygienistsImplant Dentistry,
Leavitt Dental Group,(440) 442-3262,DentistsDental ClinicsOral & Maxillofacial Surgery,http://www.leavittdental.com/
"Ali, Hayat DDS",(216) 476-9930,DentistsProsthodontists & Denture CentersClinics,
"Roberts, Frederick A DDS",(440) 333-4063,DentistsImplant DentistryCosmetic Dentistry,
The Healthy Smile,(216) 371-2333,DentistsDental HygienistsImplant Dentistry,http://www.jeffreygrossdds.com/
"Lisa Marie Tyler, DDS",(440) 333-6283,DentistsDental Clinics,
Johnson H A DDS Inc,(216) 566-7770,DentistsCosmetic Dentistry,http://www.hajohnsondds.com/
"Dr. William Waters, DDS",(216) 941-4900,DentistsDental HygienistsDental Clinics,http://www.riveredgedentistry.com/
"Great Smiles by Design: Dr. Lynda Butler, DDS",(216) 230-3189,DentistsImplant DentistryPeriodontists,https://www.drlyndabutlerdds.com/
"Lyngaas, Kim, DDS",(440) 331-0255,Dentists,
Julia Tabachnik,(440) 461-4630,Dentists,
"Robert A Dycman, DDS",(216) 961-6860,Dentists,
